<productos>
    <producto>
        <nombre>
            producto1
        </nombre>
        <descripcion>
            lorem ipsum
        </descripcion>
        <precio>
            4€
        </precio>
        <caracteristicas>
            <caracteristica>
                <nombre>
                    resolucion
                </nombre>
                <valor_asociado>
                    4k
                </valor_asociado>
            </caracteristica>
            <caracteristica>
                <nombre>
                    pantalla
                </nombre>
                <valor_asociado>
                    18''
                </valor_asociado>
            </caracteristica>
            <caracteristica>
                <nombre>
                    dimension
                </nombre>
                <valor_asociado>
                    50*30
                </valor_asociado>
            </caracteristica>
        </caracteristicas>
    </producto>
    <producto>
        <nombre>
            producto2
        </nombre>
        <descripcion>
            lorem ipsum
        </descripcion>
        <precio>
            5€
        </precio>
        <caracteristicas>
            <caracteristica>
                <nombre>
                    pantalla
                </nombre>
                <valor_asociado>
                    4k
                </valor_asociado>
            </caracteristica>
            <caracteristica>
                <nombre>
                    resolucion
                </nombre>
                <valor_asociado>
                    20''
                </valor_asociado>
            </caracteristica>
            <caracteristica>
                <nombre>
                    dimensiones
                </nombre>
                <valor_asociado>
                    55*35
                </valor_asociado>             
            </caracteristica>
        </caracteristicas>
    </producto>
    <producto>
        <nombre>
            producto3
        </nombre>
        <descripcion>
            lorem ipsum
        </descripcion>
        <precio>
            6€
        </precio>
        <caracteristicas>
            <caracteristica>
                <nombre>
                    pantalla
                </nombre>
                <valor_asociado>
                    4k
                </valor_asociado>
            </caracteristica>
            <caracteristica>
                <nombre>
                    resolucion
                </nombre>
                <valor_asociado>
                    22''
                </valor_asociado>
            </caracteristica>
            <caracteristica>
                <nombre>
                    dimension
                </nombre>
                <valor_asociado>
                    60*40
                </valor_asociado>    
            </caracteristica>
        </caracteristicas>
    </producto>
</productos>